"ID","User","Date","Body","Title"
"1","cmoulliard","2015-09-29T07:15","Integration is hard 1.","On distributed search"
"2","cmoulliard","2015-09-20T09:05","Integration is hard 2.","On distributed search"
"3","jbride","2015-07-10T05:12","Integration is hard 3.","On distributed search"
"4","cmoulliard","2015-04-02T09:45","Integration is hard 4.","On distributed search"
"5","cdarby","2015-02-17T20:29","Integration is hard 5.","On distributed search"
"6","kpeeples","2015-09-29T07:10","Integration is hard 6.","On distributed search"
"7","jbritton","2015-09-20T09:12","Integration is hard 7.","On distributed search"
"8","cposta","2015-07-10T05:37","Integration is hard 8.","On distributed search"
"9","cposta","2015-04-02T09:48","Integration is hard 9.","On distributed search"
"10","cposta","2015-02-17T20:32","Integration is hard 10.","On distributed search"
"11","jbride","2015-09-29T07:15","Integration is hard 11.","On distributed search"
"12","cibsen","2015-09-20T09:05","Integration is hard 12.","On distributed search"
"13","jbride","2015-07-10T05:12","Integration is hard 13.","On distributed search"
"14","jstrachan","2015-04-02T09:45","Integration is hard 14.","On distributed search"
"15","jstrachan","2015-02-17T20:29","Integration is hard 15.","On distributed search"
"16","rdavies","2015-09-29T07:10","Integration is hard 16.","On distributed search"
"17","jstrachan","2015-09-20T09:12","Integration is hard 17.","On distributed search"
"18","rdavies","2014-07-10T05:37","Integration is hard 17.","On distributed search"
"19","cibsen","2013-04-02T09:48","Integration is hard 18.","On distributed search"
"20","cibsen","2012-02-17T20:32","Integration is hard 19.","On distributed search"